State Name,Constituency Name,Candidate,Party,Votes,Valid_Votes,Margin_Percentage,Coalition,Vote Lean
Andaman & Nicobar Islands,ANDAMAN & NICOBAR ISLANDS,KULDEEP RAI SHARMA,INC,95308,207296,0.68,I.N.D.I.A.,Tossup
Andhra Pradesh,ARUKU,GODDETI. MADHAVI,YSRCP,562190,1074538,20.85,Others,Leaning Others
Andhra Pradesh,SRIKAKULAM,KINJARAPU RAM MOHAN NAIDU,TDP,534544,1157329,0.57,Others,Tossup
Andhra Pradesh,VIZIANAGARAM,BELLANA CHANDRA SEKHAR,YSRCP,578418,1217890,3.94,Others,Leaning Others
Andhra Pradesh,VISAKHAPATNAM,M V V SATYANARAYANA,YSRCP,436906,1239754,0.36,Others,Tossup
Andhra Pradesh,ANAKAPALLI,DR.BEESETTI VENKATA SATYAVATHI,YSRCP,586226,1238491,7.2,Others,Leaning Others
Andhra Pradesh,KAKINADA,VANGA GEETHAVISWANATH,YSRCP,537630,1234655,2.08,Others,Leaning Others
Andhra Pradesh,AMALAPURAM,CHINTA ANURADHA,YSRCP,485958,1232895,3.23,Others,Leaning Others
Andhra Pradesh,RAJAHMUNDRY,MARGANI BHARAT,YSRCP,582024,1250427,9.73,Others,Leaning Others
Andhra Pradesh,NARSAPURAM,KANUMURU RAGHU RAMA KRISHNA RAJU,YSRCP,449234,1177738,2.77,Others,Leaning Others
Andhra Pradesh,ELURU,KOTAGIRI SRIDHAR,YSRCP,676809,1327923,12.5,Others,Leaning Others
Andhra Pradesh,MACHILIPATNAM,BALASHOWRY VALLABHANENI,YSRCP,572850,1244570,4.84,Others,Leaning Others
Andhra Pradesh,VIJAYAWADA,KESINENI SRINIVAS (NANI),TDP,575498,1277711,0.68,Others,Tossup
Andhra Pradesh,GUNTUR,JAYADEV GALLA,TDP,587918,1351474,0.31,Others,Tossup
Andhra Pradesh,NARASARAOPET,LAVU SRI KRISHNA DEVARAYALU,YSRCP,745557,1437420,10.71,Others,Leaning Others
Andhra Pradesh,BAPATLA,NANDIGAM SURESH,YSRCP,598257,1266492,1.27,Others,Tossup
Andhra Pradesh,ONGOLE,MAGUNTA SREENIVASULU REDDY,YSRCP,739202,1342368,16.01,Others,Leaning Others
Andhra Pradesh,NANDYAL,POCHA . BRAHMANANDA REDDY,YSRCP,720888,1299093,19.25,Others,Leaning Others
Andhra Pradesh,KURNOOL,AYUSHMAN DOCTOR SANJEEV KUMAR,YSRCP,605462,1188327,12.54,Others,Leaning Others
Andhra Pradesh,ANANTAPUR,TALARI RANGAIAH,YSRCP,695208,1342306,10.54,Others,Leaning Others
Andhra Pradesh,HINDUPUR,KURUVA GORANTLA MADHAV,YSRCP,706602,1338514,10.52,Others,Leaning Others
Andhra Pradesh,KADAPA,Y.S.AVINASH REDDY,YSRCP,783499,1228242,31,Others,Solidly Others
Andhra Pradesh,NELLORE,ADALA PRABHAKARA REDDY,YSRCP,683830,1287036,11.54,Others,Leaning Others
Andhra Pradesh,TIRUPATI,BALLI DURGA PRASAD RAO,YSRCP,722877,1313515,17.39,Others,Leaning Others
Andhra Pradesh,RAJAMPET,P.V.MIDHUN REDDY,YSRCP,702211,1224354,21.91,Others,Leaning Others
Andhra Pradesh,CHITTOOR,N. REDDEPPA,YSRCP,686792,1319472,10.4,Others,Leaning Others
Arunachal Pradesh,ARUNACHAL WEST,KIREN RIJIJU,BJP,225796,358310,48.8,NDA,Solidly NDA
Arunachal Pradesh,ARUNACHAL EAST,TAPIR GAO,BJP,153883,293781,23.81,NDA,Leaning NDA
Assam,KARIMGANJ,KRIPANATH MALLAH,BJP,473046,1060072,3.62,NDA,Leaning NDA
Assam,SILCHAR,RAJDEEP ROY,BJP,499414,949696,8.59,NDA,Leaning NDA
Assam,AUTONOMOUS DISTRICT,HOREN SING BEY,BJP,381316,617735,38.79,NDA,Solidly NDA
Assam,DHUBRI,BADRUDDIN AJMAL,AIUDF,718764,1685005,13.43,Others,Leaning Others
Assam,KOKRAJHAR,NABA KUMAR SARANIA,IND,484560,1479485,2.55,Others,Leaning Others
Assam,BARPETA,ABDUL KHALEQUE,INC,645173,1458549,9.62,I.N.D.I.A.,Leaning I.N.D.I.A.
Assam,GAUHATI,QUEEN OJA,BJP,1008936,1763757,19.59,NDA,Leaning NDA
Assam,MANGALDOI,DILIP SAIKIA,BJP,735469,1506107,9.2,NDA,Leaning NDA
Assam,TEZPUR,PALLAB LOCHAN DAS,BJP,684166,1190196,20.4,NDA,Leaning NDA
Assam,NOWGONG,PRADYUT BORDOLOI,INC,739724,1493475,1.12,I.N.D.I.A.,Tossup
Assam,KALIABOR,GAURAV GOGOI,INC,786092,1424687,14.74,I.N.D.I.A.,Leaning I.N.D.I.A.
Assam,JORHAT,TOPON KUMAR GOGOI,BJP,543288,1057965,7.81,NDA,Leaning NDA
Assam,DIBRUGARH,RAMESWAR TELI,BJP,659583,1015748,35.89,NDA,Solidly NDA
Assam,LAKHIMPUR,PRADAN BARUAH,BJP,776406,1283589,27.31,NDA,Solidly NDA
Bihar,VALMIKI NAGAR,BAIDYANATH PRASAD MAHTO,JD(U),602660,1032090,34.36,Others,Solidly Others
Bihar,PASCHIM CHAMPARAN,DR. SANJAY JAISWAL,BJP,603706,1012936,29.02,NDA,Solidly NDA
Bihar,PURVI CHAMPARAN,RADHA MOHAN SINGH,BJP,577787,999400,29.38,NDA,Solidly NDA
Bihar,SHEOHAR,RAMA DEVI,BJP,608678,1004559,33.88,NDA,Solidly NDA
Bihar,SITAMARHI,SUNIL KUMAR PINTU,JD(U),567745,1038849,24.12,Others,Leaning Others
Bihar,MADHUBANI,ASHOK KUMAR YADAV,BJP,595843,963708,47.21,NDA,Solidly NDA
Bihar,JHANJHARPUR,RAMPRIT MANDAL,JD(U),602391,1060562,30.45,Others,Solidly Others
Bihar,SUPAUL,DILESHWAR KAMAIT,JD(U),597377,1110805,24.02,Others,Leaning Others
Bihar,ARARIA,PRADEEP KUMAR SINGH,BJP,618434,1169630,11.73,NDA,Leaning NDA
Bihar,KISHANGANJ,DR. MOHAMMAD JAWED,INC,367017,1101603,3.13,I.N.D.I.A.,Leaning I.N.D.I.A.
Bihar,KATIHAR,DULAL CHANDRA GOSWAMI,JD(U),559423,1117734,5.12,Others,Leaning Others
Bihar,PURNIA,SANTOSH KUMAR,JD(U),632924,1153940,22.83,Others,Leaning Others
Bihar,MADHEPURA,DINESH CHANDRA YADAV,JD(U),624334,1147274,26.28,Others,Solidly Others
Bihar,DARBHANGA,GOPAL JEE THAKUR,BJP,586668,964996,27.77,NDA,Solidly NDA
Bihar,MUZAFFARPUR,AJAY NISHAD,BJP,666878,1058086,38.75,NDA,Solidly NDA
Bihar,VAISHALI,VEENA DEVI (W/O DINESH PRASAD SINGH),LJP,568215,1074730,21.83,Others,Leaning Others
Bihar,GOPALGANJ,DR. ALOK KUMAR SUMAN,JD(U),568150,1024876,27.95,Others,Solidly Others
Bihar,SIWAN,KAVITA SINGH,JD(U),448473,984810,11.88,Others,Leaning Others
Bihar,MAHARAJGANJ,JANARDAN SINGH (SIGRIWAL),BJP,546352,972703,23.72,NDA,Leaning NDA
Bihar,MAHARAJGANJ,JANARDAN SINGH (SIGRIWAL),BJP,546352,972703,23.72,NDA,Leaning NDA
Bihar,SARAN,RAJIV PRATAP RUDY,BJP,499986,943020,14.68,NDA,Leaning NDA
Bihar,HAJIPUR,PASHU PATI KUMAR PARAS,LJP,541310,1006817,20.41,Others,Leaning Others
Bihar,UJIARPUR,NITYANAND RAI,BJP,543906,969284,28.61,NDA,Solidly NDA
Bihar,SAMASTIPUR,RAMCHANDRA PASWAN,LJP,562443,1019025,24.69,Others,Leaning Others
Bihar,BEGUSARAI,GIRIRAJ SINGH,BJP,692193,1225594,34.45,NDA,Solidly NDA
Bihar,KHAGARIA,CHOUDHARY MEHBOOB ALI KAISER,LJP,510193,966813,25.71,Others,Solidly Others
Bihar,BHAGALPUR,AJAY KUMAR MANDAL,JD(U),618254,1042518,26.63,Others,Solidly Others
Bihar,BANKA,GIRIDHARI YADAV,JD(U),477788,995806,20.14,Others,Leaning Others
Bihar,MUNGER,RAJIV RANJAN SINGH ALIAS LALAN SINGH,JD(U),528762,1036268,16.21,Others,Leaning Others
Bihar,NALANDA,KAUSHLENDRA KUMAR,JD(U),540888,1031286,24.84,Others,Leaning Others
Bihar,PATNA SAHIB,RAVI SHANKAR PRASAD,BJP,607506,982285,28.98,NDA,Solidly NDA
Bihar,PATALIPURA,RAM KRIPAL YADAV,BJP,509557,1077749,3.65,NDA,Leaning NDA
Bihar,ARRAH,R. K. SINGH,BJP,566480,1080684,13.63,NDA,Leaning NDA
Bihar,BUXAR,ASHWINI KUMAR CHOUBEY,BJP,473053,986861,11.92,NDA,Leaning NDA
Bihar,SASARAM,CHHEDI PASWAN,BJP,494800,974749,17,NDA,Leaning NDA
Bihar,KARAKAT,MAHABALI SINGH,JD(U),398408,868798,9.73,Others,Leaning Others
Bihar,JAHANABAD,CHANDESHWAR PRASAD,JD(U),335584,822065,0.21,Others,Tossup
Bihar,AURANGABAD,SUSHIL KUMAR SINGH,BJP,427721,934901,7.55,NDA,Leaning NDA
Bihar,AURANGABAD,SUSHIL KUMAR SINGH,BJP,427721,934901,7.55,NDA,Leaning NDA
Bihar,GAYA,VIJAY KUMAR,JD(U),467007,957248,15.92,Others,Leaning Others
Bihar,NAWADA,CHANDAN SINGH,LJP,495684,942462,15.71,Others,Leaning Others
Bihar,JAMUI,CHIRAG KUMAR PASWAN,LJP,529134,949137,25.4,Others,Solidly Others
Chandigarh,CHANDIGARH,KIRRON KHER,BJP,231188,456568,10.29,NDA,Leaning NDA
Chhattisgarh,SARGUJA,RENUKA SINGH SARUTA,BJP,663711,1280689,12.33,NDA,Leaning NDA
Chhattisgarh,RAIGARH,GOMATI SAI,BJP,658335,1350124,4.89,NDA,Leaning NDA
Chhattisgarh,JANJGIR-CHAMPA,GUHARAM AJGALLEY,BJP,572790,1247650,6.67,NDA,Leaning NDA
Chhattisgarh,KORBA,JYOTSNA CHARANDAS MAHANT,INC,523310,1136903,2.31,I.N.D.I.A.,Leaning I.N.D.I.A.
Chhattisgarh,BILASPUR,ARUN SAO,BJP,634559,1209434,11.72,NDA,Leaning NDA
Chhattisgarh,RAJNANDGAON,SANTOSH PANDEY,BJP,662387,1307033,8.57,NDA,Leaning NDA
Chhattisgarh,DURG,VIJAY BAGHEL,BJP,849374,1391996,28.16,NDA,Solidly NDA
Chhattisgarh,RAIPUR,SUNIL KUMAR SONI,BJP,837902,1396250,24.94,NDA,Leaning NDA
Chhattisgarh,MAHASAMUND,CHUNNI LAL SAHU,BJP,616580,1222335,7.4,NDA,Leaning NDA
Chhattisgarh,BASTAR,DEEPAK BAIJ,INC,402527,912846,4.27,I.N.D.I.A.,Leaning I.N.D.I.A.
Chhattisgarh,KANKER,MOHAN MANDAVI,BJP,546233,1159193,0.6,NDA,Tossup
Daman & Diu,DAMAN & DIU,LALUBHAI BABUBHAI PATEL,BJP,37597,87469,11.37,NDA,Leaning NDA
Delhi,CHANDNI CHOWK,HARSH VARDHAN,BJP,519055,980390,23.27,NDA,Leaning NDA
Delhi,NORTH EAST DELHI,MANOJ TIWARI,BJP,787799,1461475,25.05,NDA,Solidly NDA
Delhi,EAST DELHI,GAUTAM GAMBHIR,BJP,696156,1257821,31.1,NDA,Solidly NDA
Delhi,NEW DELHI,MEENAKASHI LEKHI,BJP,504206,920541,27.86,NDA,Solidly NDA
Delhi,NORTH WEST DELHI,HANS RAJ HANS,BJP,848663,1402962,39.48,NDA,Solidly NDA
Delhi,WEST DELHI,PARVESH SAHIB SINGH VERMA,BJP,865648,1441601,40.13,NDA,Solidly NDA
Delhi,SOUTH DELHI,RAMESH BIDHURI,BJP,687014,1214222,30.23,NDA,Solidly NDA
Goa,NORTH GOA,SHRIPAD YESSO NAIK,BJP,244844,428628,18.72,NDA,Leaning NDA
Goa,SOUTH GOA,COSME FRANCISCO CAITANO SARDINHA,INC,201561,424575,2.3,I.N.D.I.A.,Leaning I.N.D.I.A.
Gujarat,KACHCHH,CHAVDA VINOD LAKHAMSHI,BJP,637034,1023198,29.86,NDA,Solidly NDA
Gujarat,BANASKANTHA,PARBATBHAI SAVABHAI PATEL,BJP,679108,1102081,33.42,NDA,Solidly NDA
Gujarat,PATAN,DABHI BHARATSINHJI SHANKARJI,BJP,633368,1126256,17.21,NDA,Leaning NDA
Gujarat,MAHESANA,SHARDABEN ANILBHAI PATEL,BJP,659525,1081938,26.02,NDA,Solidly NDA
Gujarat,SABARKANTHA,RATHOD DIPSINH SHANKARSINH,BJP,701983,1218353,22.08,NDA,Leaning NDA
Gujarat,GANDHINAGAR,AMIT SHAH,BJP,894624,1284090,43.38,NDA,Solidly NDA
Gujarat,AHMEDABAD EAST,PATEL HASMUKHBHAI SOMABHAI,BJP,749834,1116367,38.91,NDA,Solidly NDA
Gujarat,AHMEDABAD WEST,DR. KIRIT P. SOLANKI,BJP,641622,997024,32.25,NDA,Solidly NDA
Gujarat,SURENDRANAGAR,DR. MUNJAPARA MAHENDRABHAI,BJP,631844,1077726,25.74,NDA,Solidly NDA
Gujarat,RAJKOT,KUNDARIA MOHANBHAI KALYANJIBHAI,BJP,758645,1195271,30.82,NDA,Solidly NDA
Gujarat,PORBNANDAR,RAMESHBHAI LAVJIBHAI DHADUK,BJP,563881,949947,24.19,NDA,Leaning NDA
Gujarat,JAMNAGAR,POONAMBEN HEMATBHAI MAADAM,BJP,591588,1010965,23.42,NDA,Leaning NDA
Gujarat,JUNAGARH,CHUDASAMA RAJESHBHAI NARANBHAI,BJP,547744,1004743,14.95,NDA,Leaning NDA
Gujarat,AMRELI,KACHHADIYA NARANBHAI BHIKHABHAI,BJP,529035,909167,22.16,NDA,Leaning NDA
Gujarat,BHAVNAGAR,DR.BHARATIBEN DHIRUBHAI SHIYAL,BJP,661273,1041279,31.65,NDA,Solidly NDA
Gujarat,ANAND,PATEL MITESH RAMESHBHAI (BAKABHAI),BJP,633097,1108661,17.83,NDA,Leaning NDA
Gujarat,KHEDA,CHAUHAN DEVUSINH,BJP,714572,1098633,33.42,NDA,Solidly NDA
Gujarat,PANCHMAHAL,RATANSINH MAGANSINH RATHOD,BJP,732136,1083676,39.55,NDA,Solidly NDA
Gujarat,DAHOD,JASHVANTSINH SUMANBHAI BHABHOR,BJP,561760,1063212,12,NDA,Leaning NDA
Gujarat,VADODARA,RANJANBEN BHATT,BJP,883719,1222348,48.2,NDA,Solidly NDA
Gujarat,CHHOTA UDAIPUR,RATHVA GITABEN VAJESINGBHAI,BJP,764445,1232459,30.67,NDA,Solidly NDA
Gujarat,BHARUCH,MANSUKHBHAI DHANJIBHAI VASAVA,BJP,637795,1149725,29.07,NDA,Solidly NDA
Gujarat,BARDOLI,PARBHUBHAI NAGARBHAI VASAVA,BJP,742273,1348038,15.98,NDA,Leaning NDA
Gujarat,SURAT,DARSHANA VIKRAM JARDOSH,BJP,795651,1068412,51.31,NDA,Solidly NDA
Gujarat,NAVSARI,C. R. PATIL,BJP,972739,1308018,52.73,NDA,Solidly NDA
Gujarat,VALSAD,DR.K.C.PATEL,BJP,771980,1260377,28.07,NDA,Solidly NDA
Haryana,AMBALA,RATTAN LAL KATARIA,BJP,746508,1316235,26.01,NDA,Solidly NDA
Haryana,KURUKSHETRA,NAYAB SINGH,BJP,688629,1230202,31.26,NDA,Solidly NDA
Haryana,SIRSA,SUNITA DUGGAL,BJP,714351,1369486,22.63,NDA,Leaning NDA
Haryana,HISAR,BRIJENDRA SINGH,BJP,603289,1179869,26.62,NDA,Solidly NDA
Haryana,KARNAL,SANJAY BHATIA,BJP,911594,1300722,50.44,NDA,Solidly NDA
Haryana,SONIPAT,RAMESH CHANDER KAUSHIK,BJP,587664,1129532,14.6,NDA,Leaning NDA
Haryana,ROHTAK,ARVIND KUMAR SHARMA,BJP,573845,1220571,0.61,NDA,Tossup
Haryana,BHIWANI-MAHENDRAGARH,DHARAMBIR SINGH S/O BHALE RAM,BJP,736699,1161115,38.28,NDA,Solidly NDA
Haryana,GURGAON,RAO INDERJIT SINGH,BJP,881546,1446509,26.7,NDA,Solidly NDA
Haryana,FARIDABAD,KRISHAN PAL,BJP,913222,1327295,48.09,NDA,Solidly NDA
Himachal Pradesh,KANGRA,KISHAN KAPOOR,BJP,725218,1006989,47.43,NDA,Solidly NDA
Himachal Pradesh,MANDI,RAM SWAROOP SHARMA,BJP,647189,941371,43.07,NDA,Solidly NDA
Himachal Pradesh,HAMIRPUR,ANURAG SINGH THAKUR,BJP,682692,988765,40.41,NDA,Solidly NDA
Himachal Pradesh,HAMIRPUR,ANURAG SINGH THAKUR,BJP,682692,988765,40.41,NDA,Solidly NDA
Himachal Pradesh,SHIMLA,SURESH KUMAR KASHYAP,BJP,606182,913607,35.85,NDA,Solidly NDA
Jammu & Kashmir,BARAMULLA,MOHAMMAD AKBAR LONE,JKN,133426,455550,6.64,Others,Leaning Others
Jammu & Kashmir,SRINAGAR,FAROOQ ABDULLAH,JKN,106750,186832,37.49,Others,Solidly Others
Jammu & Kashmir,ANANTNAG,HASNAIN MASOODI,JKN,40180,124896,5.35,Others,Leaning Others
Jammu & Kashmir,LADAKH,JAMYANG TSERING NAMGYAL,BJP,42914,126426,8.65,NDA,Leaning NDA
Jammu & Kashmir,UDHAMPUR,DR. JITENDRA SINGH,BJP,724311,1180123,30.27,NDA,Solidly NDA
Jammu & Kashmir,JAMMU,JUGAL KISHORE,BJP,858066,1478795,20.48,NDA,Leaning NDA
Jharkhand,RAJMAHAL,VIJAY KUMAR HANSDAK,JMM,507830,1047657,9.47,Others,Leaning Others
Jharkhand,DUMKA,SUNIL SOREN,BJP,484923,1025968,4.64,NDA,Leaning NDA
Jharkhand,GODDA,NISHIKANT DUBEY,BJP,637610,1194036,15.43,NDA,Leaning NDA
Jharkhand,CHATRA,SUNIL KUMAR SINGH,BJP,528077,925937,40.81,NDA,Solidly NDA
Jharkhand,KODARMA,ANNPURNA DEVI,BJP,753016,1209541,37.67,NDA,Solidly NDA
Jharkhand,GIRIDIH,CHANDRA PRAKASH CHOUDHARY,AJSUP,648277,1106918,22.44,NDA,Leaning NDA
Jharkhand,DHANBAD,PASHUPATI NATH SINGH,BJP,827234,1252817,38.81,NDA,Solidly NDA
Jharkhand,RANCHI,SANJAY SETH,BJP,706510,1234926,22.9,NDA,Leaning NDA
Jharkhand,JAMSHEDPUR,BIDYUT BARAN MAHATO,BJP,679632,1144226,26.4,NDA,Solidly NDA
Jharkhand,SINGHBHUM,GEETA KORA,INC,431815,879329,8.21,I.N.D.I.A.,Leaning I.N.D.I.A.
Jharkhand,KHUNTI,ARJUN MUNDA,BJP,382638,832377,0.17,NDA,Tossup
Jharkhand,LOHARDAGA,SUDARSHAN BHAGAT,BJP,371595,817550,1.27,NDA,Tossup
Jharkhand,PALAMAU,VISHNU DAYAL RAM,BJP,755659,1209747,39.48,NDA,Solidly NDA
Jharkhand,HAZARIBAGH,JAYANT SINHA,BJP,728798,1080929,44.36,NDA,Solidly NDA
Karnataka,CHIKKODI,ANNASAHEB SHANKAR JOLLE,BJP,645017,1217549,9.76,NDA,Leaning NDA
Karnataka,BELGAUM,ANGADI SURESH CHANNABASAPPA,BJP,761991,1205229,32.47,NDA,Solidly NDA
Karnataka,BAGALKOT,GADDIGOUDAR PARVATAGOUDA CHANDANAGOUDA,BJP,664638,1204613,13.96,NDA,Leaning NDA
Karnataka,BIJAPUR,JIGAJINAGI RAMESH CHANDAPPA,BJP,635867,1111354,23.22,NDA,Leaning NDA
Karnataka,GULBARGA,DR. UMESH G JADHAV,BJP,620192,1189361,8.03,NDA,Leaning NDA
Karnataka,RAICHUR,RAJA AMARESHWARA NAIK,BJP,598337,1124385,10.47,NDA,Leaning NDA
Karnataka,BIDAR,BHAGWANTH KHUBA,BJP,585471,1117167,10.46,NDA,Leaning NDA
Karnataka,KOPPAL,KARADI SANGANNA AMARAPPA,BJP,586783,1190347,3.23,NDA,Leaning NDA
Karnataka,BELLARY,Y. DEVENDRAPPA,BJP,616388,1221926,4.56,NDA,Leaning NDA
Karnataka,HAVERI,UDASI. S.C.,BJP,683660,1266679,11.12,NDA,Leaning NDA
Karnataka,DHARWAD,PRALHAD JOSHI,BJP,684837,1213505,16.9,NDA,Leaning NDA
Karnataka,UTTARA KANNADA,ANANTKUMAR HEGDE,BJP,786042,1153480,41.58,NDA,Solidly NDA
Karnataka,DAVANAGERE,G M SIDDESHWAR,BJP,652996,1194586,14.21,NDA,Leaning NDA
Karnataka,SHIMOGA,B.Y.RAGHAVENDRA.,BJP,729872,1283577,17.4,NDA,Leaning NDA
Karnataka,UDUPI CHIKMAGALUR,SHOBHA KARANDLAJE,BJP,718916,1151012,30.37,NDA,Solidly NDA
Karnataka,HASSAN,PRAJWAL REVANNA,JD(S),676606,1277552,11.06,Others,Leaning Others
Karnataka,DAKSHINA KANNADA,NALIN KUMAR KATEEL,BJP,774285,1345039,20.42,NDA,Leaning NDA
Karnataka,CHITRADURGA,A NARAYANASWAMY,BJP,626195,1245950,6.44,NDA,Leaning NDA
Karnataka,TUMKUR,G. S. BASAVARAJ,BJP,596127,1244858,1.07,NDA,Tossup
Karnataka,MANDYA,SUMALATHA AMBAREESH,IND,703660,1379210,9.13,Others,Leaning Others
Karnataka,MYSORE,PRATHAP SIMHA,BJP,688974,1318041,10.52,NDA,Leaning NDA
Karnataka,CHAMARAJANAGAR,V. SRINIVAS PRASAD,BJP,568537,1270658,0.14,NDA,Tossup
Karnataka,BANGALORE RURAL,D.K. SURESH,INC,878258,1621906,12.75,I.N.D.I.A.,Leaning I.N.D.I.A.
Karnataka,BANGALORE NORTH,D.V. SADANANDA GOWDA,BJP,824500,1559459,9.46,NDA,Leaning NDA
Karnataka,BANGALORE CENTRAL,P. C. MOHAN,BJP,602853,1197234,5.93,NDA,Leaning NDA
Karnataka,BANGALORE SOUTH,TEJASVI SURYA,BJP,739229,1188491,27.87,NDA,Solidly NDA
Karnataka,CHIKKBALLAPUR,B.N.BACHE GOWDA,BJP,745912,1386963,13.13,NDA,Leaning NDA
Karnataka,KOLAR,S. MUNISWAMY,BJP,709165,1258551,16.69,NDA,Leaning NDA
Kerala,KASARAGOD,RAJMOHAN UNNITHAN,INC,474961,1100051,3.68,I.N.D.I.A.,Leaning I.N.D.I.A.
Kerala,KANNUR,K. SUDHAKARAN,INC,529741,1053842,8.97,I.N.D.I.A.,Leaning I.N.D.I.A.
Kerala,VADAKARA,K. MURALEEDHARAN,INC,526755,1065619,7.94,I.N.D.I.A.,Leaning I.N.D.I.A.
Kerala,WAYANAD,RAHUL GANDHI,INC,706367,1092197,39.53,I.N.D.I.A.,Solidly I.N.D.I.A.
Kerala,KOZHIKODE,M.K.RAGHAVAN,INC,493444,1076193,7.92,I.N.D.I.A.,Leaning I.N.D.I.A.
Kerala,MALAPPURAM,P.K. KUNHALIKUTTY,IUML,589873,1034618,25.14,I.N.D.I.A.,Solidly I.N.D.I.A.
Kerala,PONNANI,E. T. MOHAMMED BASHEER,IUML,521824,1017265,19,I.N.D.I.A.,Leaning I.N.D.I.A.
Kerala,PALAKKAD,V K SREEKANDAN,INC,399274,1028249,1.13,I.N.D.I.A.,Tossup
Kerala,ALATHUR,RAMYA HARIDAS,INC,533815,1018743,15.6,I.N.D.I.A.,Leaning I.N.D.I.A.
Kerala,THRISSUR,T. N. PRATHAPAN,INC,415089,1041869,8.99,I.N.D.I.A.,Leaning I.N.D.I.A.
Kerala,CHALAKUDY,BENNY BEHANAN,INC,473444,990224,13.36,I.N.D.I.A.,Leaning I.N.D.I.A.
Kerala,ERNAKULAM,HIBI EDEN,INC,491263,967203,17.49,I.N.D.I.A.,Leaning I.N.D.I.A.
Kerala,IDUKKI,ADV. DEAN KURIAKOSE,INC,498493,919297,18.61,I.N.D.I.A.,Leaning I.N.D.I.A.
Kerala,KOTTAYAM,THOMAS CHAZHIKADAN,KEC(M),421046,910339,11.67,Others,Leaning Others
Kerala,ALAPPUZHA,ADV. A M ARIFF,CPM,445970,1088728,0.96,I.N.D.I.A.,Tossup
Kerala,MAVELIKKARA,KODIKUNNIL SURESH,INC,440415,971035,6.3,I.N.D.I.A.,Leaning I.N.D.I.A.
Kerala,PATHANAMTHITTA,ANTO ANTONY,INC,380927,1026553,4.31,I.N.D.I.A.,Leaning I.N.D.I.A.
Kerala,KOLLAM,N.K.PREMACHANDRAN,RSP,499677,968123,15.38,I.N.D.I.A.,Leaning I.N.D.I.A.
Kerala,ATTINGAL,ADV. ADOOR PRAKASH,INC,380995,1004888,3.81,I.N.D.I.A.,Leaning I.N.D.I.A.
Kerala,THIRUVANANTHAPURAM,DR. SHASHI THAROOR,INC,416131,1010180,9.9,I.N.D.I.A.,Leaning I.N.D.I.A.
Lakshadweep,LAKSHADWEEP,MOHAMMED FAIZAL PP,NCP,22851,47009,1.75,Others,Tossup
Madhya Pradesh,MORENA,NARENDRA SINGH TOMAR,BJP,541689,1137290,9.97,NDA,Leaning NDA
Madhya Pradesh,BHIND,SANDHYA RAY,BJP,527694,960687,20.81,NDA,Leaning NDA
Madhya Pradesh,GWALIOR,VIVEK NARAYAN SHEJWALKAR,BJP,627250,1196096,12.28,NDA,Leaning NDA
Madhya Pradesh,GUNA,KRISHNA PAL SINGH (DR. K. P. YADAV),BJP,614049,1178423,10.65,NDA,Leaning NDA
Madhya Pradesh,SAGAR,RAJBAHADUR SINGH,BJP,646231,1037175,29.46,NDA,Solidly NDA
Madhya Pradesh,TIKAMGARH,DR VIRENDRA KUMAR,BJP,672248,1096712,31.74,NDA,Solidly NDA
Madhya Pradesh,DAMOH,PRAHALAD SINGH PATEL,BJP,704524,1164226,30.36,NDA,Solidly NDA
Madhya Pradesh,KHAJURAHO,V.D. SHARMA (VISHNU DATT SHARMA),BJP,811135,1257783,39.15,NDA,Solidly NDA
Madhya Pradesh,SATNA,GANESH SINGH,BJP,588753,1113656,20.78,NDA,Leaning NDA
Madhya Pradesh,REWA,JANARDAN MISHRA,BJP,583769,1013251,30.87,NDA,Solidly NDA
Madhya Pradesh,SIDHI,RITI PATHAK,BJP,698342,1282705,22.34,NDA,Leaning NDA
Madhya Pradesh,SHAHDOL,HIMADRI SINGH,BJP,747977,1237858,32.58,NDA,Solidly NDA
Madhya Pradesh,JABALPUR,RAKESH SINGH,BJP,826454,1263573,35.99,NDA,Solidly NDA
Madhya Pradesh,MANDLA,FAGGAN SINGH KULASTE,BJP,737266,1517255,6.44,NDA,Leaning NDA
Madhya Pradesh,BALAGHAT,DR DHAL SINGH BISEN,BJP,696102,1372018,17.64,NDA,Leaning NDA
Madhya Pradesh,CHHINDWARA,NAKUL KAMAL NATH,INC,587305,1248031,3.01,I.N.D.I.A.,Leaning I.N.D.I.A.
Madhya Pradesh,HOSHANGABAD,UDAY PRATAP SINGH,BJP,877927,1265869,43.74,NDA,Solidly NDA
Madhya Pradesh,VIDISHA,RAMAKANT BHARGAVA,BJP,853022,1250244,40.24,NDA,Solidly NDA
Madhya Pradesh,BHOPAL,SADHVI PRAGYA SINGH THAKUR,BJP,866482,1407954,25.91,NDA,Solidly NDA
Madhya Pradesh,RAJGARH,RODMAL NAGAR,BJP,823824,1260329,34.2,NDA,Solidly NDA
Madhya Pradesh,DEWAS,MAHENDRA SINGH SOLANKY,BJP,862429,1398946,26.61,NDA,Solidly NDA
Madhya Pradesh,UJJAIN,ANIL FIROJIYA,BJP,791663,1252511,29.19,NDA,Solidly NDA
Madhya Pradesh,MANDSOUR,SUDHEER GUPTA,BJP,847786,1370667,27.49,NDA,Solidly NDA
Madhya Pradesh,RATLAM,GUMAN SINGH DAMOR,BJP,696103,1400509,6.47,NDA,Leaning NDA
Madhya Pradesh,DHAR,CHATTARSINGH DARBAR,BJP,722147,1344132,11.61,NDA,Leaning NDA
Madhya Pradesh,INDORE,SHANKAR LALWANI,BJP,1068569,1629108,33.62,NDA,Solidly NDA
Madhya Pradesh,KHARGONE,GAJENDRA UMRAO SINGH PATEL,BJP,773550,1427607,14.19,NDA,Leaning NDA
Madhya Pradesh,KHANDWA,NANDKUMAR SINGH CHOUHAN (NANDU BHAIYA),BJP,838909,1468138,18.62,NDA,Leaning NDA
Madhya Pradesh,BETUL,DURGA DAS (D.D.) UIKEY,BJP,811248,1357857,26.53,NDA,Solidly NDA
Maharashtra,NANDURBAR,DR. HEENA VIJAYKUMAR GAVIT,BJP,639136,1281738,7.46,NDA,Leaning NDA
Maharashtra,DHULE,BHAMRE SUBHASH RAMRAO,BJP,613533,1085038,21.13,NDA,Leaning NDA
Maharashtra,JALGAON,UNMESH BHAIYYASAHEB PATIL,BJP,713874,1088277,37.82,NDA,Solidly NDA
Maharashtra,RAVER,KHADSE RAKSHA NIKHIL,BJP,655386,1092971,30.73,NDA,Solidly NDA
Maharashtra,BULDHANA,JADHAV PRATAPRAO GANPATRAO,SHS,521977,1120359,11.9,Others,Leaning Others
Maharashtra,AKOLA,DHOTRE SANJAY SHAMRAO,BJP,554444,1119440,24.62,NDA,Leaning NDA
Maharashtra,AMRAVATI,NAVNIT RAVI RANA,IND,510947,1112385,3.32,Others,Leaning Others
Maharashtra,WARDHA,RAMDAS CHANDRABHANJI TADAS,BJP,578364,1072570,17.45,NDA,Leaning NDA
Maharashtra,RAMTEK,KRUPAL BALAJI TUMANE,SHS,597126,1196744,10.59,Others,Leaning Others
Maharashtra,NAGPUR,NITIN JAIRAM GADKARI,BJP,660221,1186051,18.21,NDA,Leaning NDA
Maharashtra,BHANDARA - GONDIYA,SUNIL BABURAO MENDHE,BJP,650243,1244931,15.86,NDA,Leaning NDA
Maharashtra,GADCHIROLI-CHIMUR,ASHOK MAHADEORAO NETE,BJP,519968,1142698,6.78,NDA,Leaning NDA
Maharashtra,CHANDRAPUR,BALUBHAU ALIAS SURESH NARAYAN DHANORKAR,INC,559507,1238474,3.61,I.N.D.I.A.,Leaning I.N.D.I.A.
Maharashtra,YAVATMAL-WASHIM,BHAVANA PUNDLIKRAO GAWALI,SHS,542098,1174220,10.04,Others,Leaning Others
Maharashtra,HINGOLI,HEMANT PATIL,SHS,586312,1157516,24,Others,Leaning Others
Maharashtra,NANDED,PRATAPRAO PATIL CHIKHALIKAR,BJP,486806,1129350,3.55,NDA,Leaning NDA
Maharashtra,PARBHANI,JADHAV SANJAY (BANDU) HARIBHAU,SHS,538941,1252782,3.37,Others,Leaning Others
Maharashtra,JALNA,DANVE RAOSAHEB DADARAO,BJP,698019,1208139,27.55,NDA,Solidly NDA
Maharashtra,AURANGABAD,IMTIAZ JALEEL SYED,AIMIM,389042,1198221,0.37,Others,Tossup
Maharashtra,AURANGABAD,IMTIAZ JALEEL SYED,AIMIM,389042,1198221,0.37,Others,Tossup
Maharashtra,DINDORI,DR. BHARATI PRAVIN PAWAR,BJP,567470,1137631,17.47,NDA,Leaning NDA
Maharashtra,NASHIK,GODSE HEMANT TUKARAM,SHS,563599,1121232,26.06,Others,Solidly Others
Maharashtra,PALGHAR,RAJENDRA DHEDYA GAVIT,SHS,580479,1201941,7.39,Others,Leaning Others
Maharashtra,BHIWANDI,KAPIL MORESHWAR PATIL,BJP,523583,1005172,15.55,NDA,Leaning NDA
Maharashtra,KALYAN,DR. SHRIKANT EKNATH SHINDE,SHS,559723,890313,38.68,Others,Solidly Others
Maharashtra,THANE,RAJAN BABURAO VICHARE,SHS,740969,1170518,35.21,Others,Solidly Others
Maharashtra,MUMBAI NORTH,GOPAL SHETTY,BJP,706678,989759,47.01,NDA,Solidly NDA
Maharashtra,MUMBAI NORTH WEST,GAJANAN KIRTIKAR,SHS,570063,941497,27.65,Others,Solidly Others
Maharashtra,MUMBAI NORTH EAST,MANOJ KOTAK,BJP,514599,908993,24.92,NDA,Leaning NDA
Maharashtra,MUMBAI NORTH CENTRAL,POONAM MAHAJAN,BJP,486672,901784,14.42,NDA,Leaning NDA
Maharashtra,MUMBAI SOUTH CENTRAL,RAHUL RAMESH SHEWALE,SHS,424913,797250,19.08,Others,Leaning Others
Maharashtra,MUMBAI SOUTH,ARVIND GANPAT SAWANT,SHS,421937,801611,12.48,Others,Leaning Others
Maharashtra,RAIGAD,TATKARE SUNIL DATTATRAY,NCP,486968,1025467,3.07,Others,Leaning Others
Maharashtra,MAVAL,SHRIRANG APPA CHANDU BARNE,SHS,720663,1368872,15.77,Others,Leaning Others
Maharashtra,PUNE,GIRISH BHALCHANDRA BAPAT,BJP,632835,1035236,31.36,NDA,Solidly NDA
Maharashtra,BARAMATI,SUPRIYA SULE,NCP,686714,1304728,11.94,Others,Leaning Others
Maharashtra,SHIRUR,DR. AMOL RAMSING KOLHE,NCP,635830,1293117,4.52,Others,Leaning Others
Maharashtra,AHMADNAGAR,DR. SUJAY RADHAKRISHNA VIKHEPATIL,BJP,704660,1203797,23.38,NDA,Leaning NDA
Maharashtra,SHIRDI,SADASHIV KISAN LOKHANDE,SHS,486820,1029362,11.68,Others,Leaning Others
Maharashtra,BEED,PRITAM GOPINATHRAO MUNDE,BJP,678175,1352399,12.45,NDA,Leaning NDA
Maharashtra,OSMANABAD,OMPRAKASH BHUPALSINH ALIAS PAWAN RAJENIMBALKAR,SHS,596640,1204730,10.59,Others,Leaning Others
Maharashtra,LATUR,SUDHAKAR TUKARAM SHRANGARE,BJP,661495,1176542,24.57,NDA,Leaning NDA
Maharashtra,SOLAPUR,SHRI. SHA. BRA. DR. JAI SIDHESHWAR SHIVACHARY MAHASWAMIJI,BJP,524985,1084514,14.62,NDA,Leaning NDA
Maharashtra,MADHA,RANJEETSINHA HINDURAO NAIK- NIMBALKAR,BJP,586314,1216319,7.05,NDA,Leaning NDA
Maharashtra,SANGLI,SANJAYKAKA PATIL,BJP,508995,1189958,13.81,NDA,Leaning NDA
Maharashtra,SATARA,SHRIMANT CHH. UDAYANRAJE PRATAPSINHMAHARAJ BHONSLE,NCP,579026,1115434,11.34,Others,Leaning Others
Maharashtra,RATNAGIRI - SINDHUDURG,VINAYAK RAUT,SHS,458022,901102,19.79,Others,Leaning Others
Maharashtra,KOLHAPUR,SANJAY SADASHIVRAO MANDLIK,SHS,749085,1330852,20.33,Others,Leaning Others
Maharashtra,HATKANANGLE,DHAIRYASHEEL SAMBHAJIRAO MANE,SHS,585776,1252211,7.67,Others,Leaning Others
Manipur,INNER MANIPUR,DR RAJKUMAR RANJAN SINGH,BJP,263632,759301,2.34,NDA,Leaning NDA
Manipur,OUTER MANIPUR,LORHO S. PFOZE,NPF,363527,858029,8.6,NDA,Leaning NDA
Meghalaya,SHILLONG,VINCENT H. PALA,INC,419689,784190,19.44,I.N.D.I.A.,Leaning I.N.D.I.A.
Meghalaya,TURA,AGATHA K. SANGMA,NPEP,304455,583041,10.98,NDA,Leaning NDA
Mizoram,MIZORAM,C LALROSANGA,MNF,224286,499621,1.63,NDA,Tossup
Nagaland,NAGALAND,TOKHEHO YEPTHOMI,NDPP,500510,1006357,1.62,NDA,Tossup
Odisha,BARGARH,SURESH PUJARI,BJP,581245,1247912,5.12,NDA,Leaning NDA
Odisha,SUNDARGARH,JUAL ORAM,BJP,500056,1100129,20.28,NDA,Leaning NDA
Odisha,SAMBALPUR,NITESH GANGA DEB,BJP,473770,1124455,0.81,NDA,Tossup
Odisha,KEONJHAR,CHANDRANI MURMU,BJD,526359,1176292,5.63,Others,Leaning Others
Odisha,MAYURBHANJ,BISHWESWAR TUDU,BJP,483812,1150357,2.2,NDA,Leaning NDA
Odisha,BALASORE,PRATAP CHANDRA SARANGI,BJP,483858,1157871,1.12,NDA,Tossup
Odisha,BHADRAK,MANJULATA MANDAL,BJD,513045,1225156,2.35,Others,Leaning Others
Odisha,JAJPUR,SARMISTHA SETHI,BJD,544020,1092084,9.31,Others,Leaning Others
Odisha,DHENKANAL,MAHESH SAHOO,BJD,522884,1131522,3.13,Others,Leaning Others
Odisha,BOLANGIR,SANGEETA KUMARI SINGH DEO,BJP,498086,1306705,1.49,NDA,Tossup
Odisha,KALAHANDI,BASANTA KUMAR PANDA,BJP,433074,1228292,2.18,NDA,Leaning NDA
Odisha,NABARANGPUR,RAMESH CHANDRA MAJHI,BJD,392504,1159700,3.59,Others,Leaning Others
Odisha,KANDHAMAL,ACHYUTANANDA SAMANTA,BJD,461679,941985,15.84,Others,Leaning Others
Odisha,CUTTACK,BHARTRUHARI MAHTAB,BJD,524592,1059490,11.44,Others,Leaning Others
Odisha,KENDRAPARA,ANUBHAV MOHANTY,BJD,630179,1238214,12.4,Others,Leaning Others
Odisha,JAGATSINGHPUR,RAJASHREE MALLICK,BJD,619985,1229190,22.1,Others,Leaning Others
Odisha,PURI,PINAKI MISRA,BJD,538321,1135620,1.03,Others,Tossup
Odisha,BHUBANESWAR,APARAJITA SARANGI,BJP,486991,1005215,2.37,NDA,Leaning NDA
Odisha,ASKA,PRAMILA BISOYI,BJD,552749,1013862,20.19,Others,Leaning Others
Odisha,BERHAMPUR,CHANDRA SEKHAR SAHU,BJD,443843,989910,9.58,Others,Leaning Others
Odisha,KORAPUT,SAPTAGIRI SANKAR ULAKA,INC,371129,1080161,0.33,I.N.D.I.A.,Tossup
Puducherry,PONDICHERRY,VE. VAITHILINGAM,INC,444981,790760,24.92,I.N.D.I.A.,Leaning I.N.D.I.A.
Punjab,GURDASPUR,SUNNY DEOL,BJP,558719,1103887,7.47,NDA,Leaning NDA
Punjab,AMRITSAR,GURJEET SINGH AUJLA,INC,445032,859513,11.59,I.N.D.I.A.,Leaning I.N.D.I.A.
Punjab,KHADOOR SAHIB,JASBIR SINGH GILL (DIMPA),INC,459710,1046032,13.44,I.N.D.I.A.,Leaning I.N.D.I.A.
Punjab,JALANDHAR,SANTOKH SINGH CHAUDHARY,INC,385712,1018998,1.91,I.N.D.I.A.,Tossup
Punjab,HOSHIARPUR,SOM PARKASH,BJP,421320,990791,4.9,NDA,Leaning NDA
Punjab,ANANDPUR SAHIB,MANISH TEWARI,INC,428045,1081727,4.33,I.N.D.I.A.,Leaning I.N.D.I.A.
Punjab,LUDHIANA,RAVNEET SINGH BITTU,INC,383795,1046955,7.29,I.N.D.I.A.,Leaning I.N.D.I.A.
Punjab,FATEHGARH SAHIB,AMAR SINGH,INC,411651,985948,9.52,I.N.D.I.A.,Leaning I.N.D.I.A.
Punjab,FARIDKOT,MOHAMMAD SADIQUE,INC,419065,974947,8.54,I.N.D.I.A.,Leaning I.N.D.I.A.
Punjab,FEROZPUR,SUKHBIR SINGH BADAL,SAD,633427,1172033,16.97,Others,Leaning Others
Punjab,BATHINDA,HARSIMRAT KAUR BADAL,SAD,492824,1200810,1.81,Others,Tossup
Punjab,SANGRUR,BHAGWANT MANN,AAAP,413561,1105888,9.97,I.N.D.I.A.,Leaning I.N.D.I.A.
Punjab,PATIALA,PRENEET KAUR,INC,532027,1177903,13.81,I.N.D.I.A.,Leaning I.N.D.I.A.
Rajasthan,GANGANAGAR,NIHAL CHAND,BJP,897177,1451765,28.03,NDA,Solidly NDA
Rajasthan,BIKANER,ARJUN RAM MEGHWAL,BJP,657743,1099598,24.02,NDA,Leaning NDA
Rajasthan,CHURU,RAHUL KASWAN,BJP,792999,1328422,25.17,NDA,Solidly NDA
Rajasthan,JHUNJHUNU,NARENDRA KUMAR,BJP,738163,1198927,25.23,NDA,Solidly NDA
Rajasthan,SIKAR,SUMEDHANAND SARASWATI,BJP,772104,1326969,22.39,NDA,Leaning NDA
Rajasthan,JAIPUR RURAL,COL. RAJYAVARDHAN RATHORE,BJP,820132,1276693,30.8,NDA,Solidly NDA
Rajasthan,JAIPUR,RAMCHARAN BOHRA,BJP,924065,1456404,29.57,NDA,Solidly NDA
Rajasthan,ALWAR,BALAK NATH,BJP,760201,1265674,26.07,NDA,Solidly NDA
Rajasthan,BHARATPUR,RANJEETA KOLI,BJP,707992,1146797,27.76,NDA,Solidly NDA
Rajasthan,KARAULI-DHOLPUR,MANOJ RAJORIA,BJP,526443,998044,9.79,NDA,Leaning NDA
Rajasthan,DAUSA,JASKAUR MEENA,BJP,548733,1062834,7.38,NDA,Leaning NDA
Rajasthan,TONK-SAWAI MADHOPUR,SUKHBIR SINGH JAUNAPURIA,BJP,644319,1233458,9.02,NDA,Leaning NDA
Rajasthan,AJMER,BHAGIRATH CHAUDHARY,BJP,815076,1262214,32.99,NDA,Solidly NDA
Rajasthan,NAGAUR,HANUMAN BENIWAL,RLTP,660051,1203124,15.07,Others,Leaning Others
Rajasthan,PALI,P. P. CHAUDHARY,BJP,900149,1359799,35.42,NDA,Solidly NDA
Rajasthan,JODHPUR,GAJENDRA SINGH SHEKHAWAT,BJP,788888,1346243,20.39,NDA,Leaning NDA
Rajasthan,BARMER,KAILASH CHOUDHARY,BJP,846526,1422271,22.77,NDA,Leaning NDA
Rajasthan,JALORE,DEVAJI PATEL,BJP,772833,1361619,19.18,NDA,Leaning NDA
Rajasthan,UDAIPUR,ARJUNLAL MEENA,BJP,871548,1454518,30.11,NDA,Solidly NDA
Rajasthan,BANSWARA,KANAKMAL KATARA,BJP,711709,1439671,21.22,NDA,Leaning NDA
Rajasthan,CHITTORGARH,CHANDRA PRAKASH JOSHI,BJP,982942,1458760,39.5,NDA,Solidly NDA
Rajasthan,RAJSAMAND,DIYA KUMARI,BJP,863039,1239845,44.51,NDA,Solidly NDA
Rajasthan,BHILWARA,SUBHASH CHANDRA BAHERIA,BJP,938160,1310513,46.7,NDA,Solidly NDA
Rajasthan,KOTA,OM BIRLA,BJP,800051,1367034,20.46,NDA,Leaning NDA
Rajasthan,JHALAWAR-BARAN,DUSHYANT SINGH,BJP,887400,1369868,33.14,NDA,Solidly NDA
Sikkim,SIKKIM,INDRA HANG SUBBA,SKM,166922,351746,3.53,NDA,Leaning NDA
Tamil Nadu,THIRUVALLUR,DR.K.JAYAKUMAR,INC,767292,1408189,25.35,I.N.D.I.A.,Solidly I.N.D.I.A.
Tamil Nadu,CHENNAI NORTH,DR. KALANIDHI VEERASWAMY,DMK,590986,955545,48.3,Others,Solidly Others
Tamil Nadu,CHENNAI SOUTH,T.SUMATHY (A) THAMIZHACHI THANGAPANDIAN,DMK,564872,1125857,23.29,Others,Leaning Others
Tamil Nadu,CHENNAI CENTRAL,DAYANIDHI MARAN,DMK,448911,785450,38.39,Others,Solidly Others
Tamil Nadu,SRIPERUMBUDUR,BAALU.T.R.,DMK,793281,1406782,36.11,Others,Solidly Others
Tamil Nadu,KANCHEEPURAM,SELVAM.G,DMK,684004,1237612,23.16,Others,Leaning Others
Tamil Nadu,ARAKKONAM,S. JAGATHRAKSHAKAN,DMK,672190,1178060,27.92,Others,Solidly Others
Tamil Nadu,VELLORE,D.M.KATHIR ANAND,DMK,485340,1016638,0.8,Others,Tossup
Tamil Nadu,KRISHNAGIRI,DR.A.CHELLAKUMAR,INC,611298,1161369,13.5,I.N.D.I.A.,Leaning I.N.D.I.A.
Tamil Nadu,DHARMAPURI,DNV SENTHILKUMAR. S.,DMK,574988,1223205,5.78,Others,Leaning Others
Tamil Nadu,TIRUVANNAMALAI,ANNADURAI C N,DMK,666272,1151729,26.41,Others,Solidly Others
Tamil Nadu,ARANI,VISHNU PRASAD M K,INC,617760,1143907,20.18,I.N.D.I.A.,Leaning I.N.D.I.A.
Tamil Nadu,VILUPPURAM,RAVIKUMAR D,DMK,559585,1135540,11.28,Others,Leaning Others
Tamil Nadu,KALLAKURICHI,GAUTHAM SIGAMANI PON,DMK,721713,1204375,33.21,Others,Solidly Others
Tamil Nadu,SALEM,PARTHIBAN.S.R,DMK,606302,1255459,11.7,Others,Leaning Others
Tamil Nadu,NAMAKKAL,CHINRAJ A.K.P,DMK,626293,1133774,23.39,Others,Leaning Others
Tamil Nadu,ERODE,GANESHAMURTHI A,DMK,563591,1067863,19.72,Others,Leaning Others
Tamil Nadu,TIRUPPUR,"SUBBARAYAN, K.",CPI,508725,1119584,8.34,I.N.D.I.A.,Leaning I.N.D.I.A.
Tamil Nadu,NILGIRIS,"RAJA, A.",DMK,547832,1010719,20.36,Others,Leaning Others
Tamil Nadu,COIMBATORE,NATARAJAN. P.R,CPM,571150,1250885,14.32,I.N.D.I.A.,Leaning I.N.D.I.A.
Tamil Nadu,POLLACHI,SHANMUGA SUNDARAM. K,DMK,554230,1081875,16.26,Others,Leaning Others
Tamil Nadu,DINDIGUL,"VELUSAMY, P.",DMK,746523,1160046,46.46,Others,Solidly Others
Tamil Nadu,KARUR,JOTHIMANI S,INC,695697,1103165,38.12,I.N.D.I.A.,Solidly I.N.D.I.A.
Tamil Nadu,TIRUCHIRAPPALLI,THIRUNAVUKKARASAR. SU,INC,621285,1048062,43.82,I.N.D.I.A.,Solidly I.N.D.I.A.
Tamil Nadu,PERAMBALUR,"DR.PAARIVENDHAR, T. R",DMK,683697,1102767,36.59,Others,Solidly Others
Tamil Nadu,CUDDALORE,T. R. V .S. RAMESH,DMK,522160,1043202,13.8,Others,Leaning Others
Tamil Nadu,CHIDAMBARAM,THIRUMAAVALAVAN THOL,VCK,500229,1153192,0.28,I.N.D.I.A.,Tossup
Tamil Nadu,MAYILADUTHURAI,RAMALINGAM. S,DMK,599292,1097243,23.82,Others,Leaning Others
Tamil Nadu,NAGAPATTINAM,SELVARAJ M,CPI,522892,1002208,21.09,I.N.D.I.A.,Leaning I.N.D.I.A.
Tamil Nadu,THANJAVUR,"PALANIMANICKAM,S.S.",DMK,588978,1059223,34.75,Others,Solidly Others
Tamil Nadu,SIVAGANGA,KARTI P CHIDAMBARAM,INC,566104,1084468,30.64,I.N.D.I.A.,Solidly I.N.D.I.A.
Tamil Nadu,MADURAI,VENKATESAN S,CPM,447075,1016026,13.72,I.N.D.I.A.,Leaning I.N.D.I.A.
Tamil Nadu,THENI,"RAVEENDRANATH KUMAR, P",ADMK,504813,1173489,6.54,NDA,Leaning NDA
Tamil Nadu,VIRUDHUNAGAR,"MANICKAM TAGORE, B.",INC,470883,1074735,14.38,I.N.D.I.A.,Leaning I.N.D.I.A.
Tamil Nadu,RAMANATHAPURAM,K. NAVASKANI,IUML,469943,1066146,11.92,I.N.D.I.A.,Leaning I.N.D.I.A.
Tamil Nadu,THOOTHUKKUDI,KANIMOZHI KARUNANIDHI,DMK,563143,991263,35.03,Others,Solidly Others
Tamil Nadu,TENKASI,DHANUSH.M.KUMAR,DMK,476156,1065088,11.34,Others,Leaning Others
Tamil Nadu,TIRUNELVELI,GNANATHIRAVIAM S,DMK,522993,1040350,17.85,Others,Leaning Others
Tamil Nadu,KANNIYAKUMARI,VASANTHAKUMAR. H,INC,627235,1048377,24.79,I.N.D.I.A.,Leaning I.N.D.I.A.
Telangana,ADILABAD,SOYAM BAPU RAO,BJP,377374,1063730,5.51,NDA,Leaning NDA
Telangana,PEDDAPALLI,VENKATESH NETHA BORLAKUNTA,TRS,441321,970051,9.81,Others,Leaning Others
Telangana,KARIMNAGAR,BANDI SANJAY KUMAR,BJP,498276,1147697,7.8,NDA,Leaning NDA
Telangana,NIZAMABAD,ARVIND DHARMAPURI,BJP,480584,1062768,6.67,NDA,Leaning NDA
Telangana,ZAHIRABAD,B.B.PATIL,TRS,434244,1044365,0.6,Others,Tossup
Telangana,MEDAK,KOTHA PRABHAKAR REDDY,TRS,596048,1150223,27.51,Others,Solidly Others
Telangana,MALKAJGIRI,ANUMULA REVANTH REDDY,INC,603748,1563063,0.7,I.N.D.I.A.,Tossup
Telangana,SECUNDERABAD,G . KISHAN REDDY,BJP,384780,915106,6.79,NDA,Leaning NDA
Telangana,HYDERABAD,ASADUDDIN OWAISI,AIMIM,517471,877872,32.14,Others,Solidly Others
Telangana,MAHBUBNAGAR,MANNE SRINIVAS REDDY,TRS,411402,984634,7.9,Others,Leaning Others
Telangana,NAGARKURNOOL,POTHUGANTI RAMULU,TRS,499672,989847,19.17,Others,Leaning Others
Telangana,NALGONDA,UTTAM KUMAR REDDY NALAMADA,INC,526028,1175703,2.18,I.N.D.I.A.,Leaning I.N.D.I.A.
Telangana,BHONGIR,KOMATI REDDY VENKAT REDDY,INC,532795,1212631,0.43,I.N.D.I.A.,Tossup
Telangana,WARANGAL,DAYAKAR PASUNOORI,TRS,612498,1061645,33,Others,Solidly Others
Telangana,MAHABUBABAD,KAVITHA MALOTHU,TRS,462109,983535,14.91,Others,Leaning Others
Telangana,KHAMMAM,NAMA NAGESWR RAO,TRS,567459,1139831,14.74,Others,Leaning Others
Tripura,TRIPURA WEST,PRATIMA BHOUMIK,BJP,573532,1107755,27.6,NDA,Solidly NDA
Tripura,TRIPURA EAST,REBATI TRIPURA,BJP,482126,1045417,19.54,NDA,Leaning NDA
Uttar Pradesh,SAHARANPUR,HAJI FAZLUR REHMAN,BSP,514139,1231746,1.82,Others,Tossup
Uttar Pradesh,KAIRANA,PRADEEP KUMAR,BJP,566961,1124047,8.2,NDA,Leaning NDA
Uttar Pradesh,MUZAFFARNAGAR,SANJEEV KUMAR BALYAN,BJP,573780,1160071,0.56,NDA,Tossup
Uttar Pradesh,BIJNOR,MALOOK NAGAR,BSP,561045,1100763,6.35,Others,Leaning Others
Uttar Pradesh,NAGINA,GIRISH CHANDRA,BSP,568378,1009456,16.53,Others,Leaning Others
Uttar Pradesh,MORADABAD,DR. S.T. HASAN,SP,649416,1282206,7.63,I.N.D.I.A.,Leaning I.N.D.I.A.
Uttar Pradesh,RAMPUR,MOHAMMAD AZAM KHAN,SP,559177,1060921,10.37,I.N.D.I.A.,Leaning I.N.D.I.A.
Uttar Pradesh,SAMBHAL,DR. SHAFIQUR REHMAN BARQ,SP,658006,1183469,14.77,I.N.D.I.A.,Leaning I.N.D.I.A.
Uttar Pradesh,AMROHA,KUNWAR DANISH ALI,BSP,601082,1169182,5.41,Others,Leaning Others
Uttar Pradesh,MEERUT,RAJENDRA AGARWAL,BJP,586184,1216413,0.39,NDA,Tossup
Uttar Pradesh,BAGPAT,DR. SATYAPAL SINGH,BJP,525789,1044894,2.25,NDA,Leaning NDA
Uttar Pradesh,GHAZIABAD,VIJAY KUMAR SINGH,BJP,944503,1524456,32.9,NDA,Solidly NDA
Uttar Pradesh,GAUTAM BUDDH NAGAR,DR. MAHESH SHARMA,BJP,830812,1392952,24.19,NDA,Leaning NDA
Uttar Pradesh,BULANDSHAHR,BHOLA SINGH,BJP,681321,1123629,25.81,NDA,Solidly NDA
Uttar Pradesh,ALIGARH,SATISH KUMAR GAUTAM,BJP,656215,1163184,19.71,NDA,Leaning NDA
Uttar Pradesh,HATHRAS,RAJVIR DILER,BJP,684299,1150294,22.62,NDA,Leaning NDA
Uttar Pradesh,MATHURA,HEMA MALINI,BJP,671293,1102731,26.61,NDA,Solidly NDA
Uttar Pradesh,AGRA,SATYAPAL SINGH BAGHEL,BJP,646875,1145323,18.47,NDA,Leaning NDA
Uttar Pradesh,FATEHPUR SIKRI,RAJKUMAR CHAHAR,BJP,667147,1037151,47.73,NDA,Solidly NDA
Uttar Pradesh,FIROZABAD,DR. CHANDRA SEN JADON,BJP,495819,1075866,2.68,NDA,Leaning NDA
Uttar Pradesh,MAINPURI,MULAYAM SINGH YADAV,SP,524926,976518,9.67,I.N.D.I.A.,Leaning I.N.D.I.A.
Uttar Pradesh,ETAH,RAJVEER SINGH (RAJU BHAIYA),BJP,545348,999607,12.27,NDA,Leaning NDA
Uttar Pradesh,BUDAUN,DR. SANGHMITRA MAURYA,BJP,511352,1081111,1.71,NDA,Tossup
Uttar Pradesh,AONLA,DHARMENDRA KASHYAP,BJP,537675,1052795,10.8,NDA,Leaning NDA
Uttar Pradesh,BAREILLY,SANTOSH KUMAR GANGWAR,BJP,565270,1068342,15.66,NDA,Leaning NDA
Uttar Pradesh,PILIBHIT,FEROZE VARUN GANDHI,BJP,704549,1186589,21.54,NDA,Leaning NDA
Uttar Pradesh,SHAHJAHANPUR,ARUN KUMAR SAGAR,BJP,688990,1186157,22.63,NDA,Leaning NDA
Uttar Pradesh,KHERI,AJAY KUMAR,BJP,609589,1136660,19.25,NDA,Leaning NDA
Uttar Pradesh,DHAURAHRA,REKHA VERMA,BJP,512905,1063840,15.1,NDA,Leaning NDA
Uttar Pradesh,SITAPUR,RAJESH VERMA,BJP,514528,1064521,9.47,NDA,Leaning NDA
Uttar Pradesh,HARDOI,JAI PRAKASH,BJP,568143,1057558,12.53,NDA,Leaning NDA
Uttar Pradesh,MISRIKH,ASHOK KUMAR RAWAT,BJP,534429,1026668,9.81,NDA,Leaning NDA
Uttar Pradesh,UNNAO,SWAMI SAKSHI JI MAHARAJ,BJP,703507,1237076,32.41,NDA,Solidly NDA
Uttar Pradesh,MOHANLALGANJ,KAUSHAL KISHORE,BJP,629999,1269594,7.1,NDA,Leaning NDA
Uttar Pradesh,LUCKNOW,RAJNATH SINGH,BJP,633026,1116445,31.11,NDA,Solidly NDA
Uttar Pradesh,RAI BERELI,SONIA GANDHI,INC,534918,958556,17.44,I.N.D.I.A.,Leaning I.N.D.I.A.
Uttar Pradesh,AMETHI,SMRITI IRANI,BJP,468514,942453,5.85,NDA,Leaning NDA
Uttar Pradesh,SULTANPUR,MANEKA SANJAI GANDHI,BJP,459196,1000316,1.45,NDA,Tossup
Uttar Pradesh,PRATAPGARH,SANGAM LAL GUPTA,BJP,436291,914665,12.87,NDA,Leaning NDA
Uttar Pradesh,FARRUKHABAD,MUKESH RAJPUT,BJP,569880,1002953,22.1,NDA,Leaning NDA
Uttar Pradesh,ETAWAH,DR RAM SHANKAR KATHERIA,BJP,522119,1027815,6.27,NDA,Leaning NDA
Uttar Pradesh,KANNAUJ,SUBRAT PATHAK,BJP,563087,1140496,1.08,NDA,Tossup
Uttar Pradesh,KANPUR,SATYADEV PACHAURI,BJP,468937,842994,18.5,NDA,Leaning NDA
Uttar Pradesh,AKBARPUR,DEVENDRA SINGH 'BHOLE',BJP,581282,1025314,26.83,NDA,Solidly NDA
Uttar Pradesh,JALAUN,BHANU PRATAP SINGH VERMA,BJP,581763,1129955,14.02,NDA,Leaning NDA
Uttar Pradesh,JHANSI,ANURAG SHARMA,BJP,809272,1380890,26.48,NDA,Solidly NDA
Uttar Pradesh,HAMIRPUR,KUNWAR PUSHPENDRA SINGH CHANDEL,BJP,575122,1089778,22.82,NDA,Leaning NDA
Uttar Pradesh,HAMIRPUR,KUNWAR PUSHPENDRA SINGH CHANDEL,BJP,575122,1089778,22.82,NDA,Leaning NDA
Uttar Pradesh,BANDA,R.K. SINGH PATEL,BJP,477926,1034549,5.7,NDA,Leaning NDA
Uttar Pradesh,FATEHPUR,NIRANJAN JYOTI,BJP,566040,1043655,18.99,NDA,Leaning NDA
Uttar Pradesh,KAUSHAMBI,VINOD KUMAR SONKAR,BJP,383009,974438,3.97,NDA,Leaning NDA
Uttar Pradesh,PHOOLPUR,KESHARI DEVI PATEL,BJP,544701,978236,17.58,NDA,Leaning NDA
Uttar Pradesh,ALLAHABAD,RITA BAHUGUNA JOSHI,BJP,494454,889056,20.73,NDA,Leaning NDA
Uttar Pradesh,BARA BANKI,UPENDRA SINGH RAWAT,BJP,535917,1155341,9.53,NDA,Leaning NDA
Uttar Pradesh,FAIZABAD,LALLU SINGH,BJP,529021,1087121,6.02,NDA,Leaning NDA
Uttar Pradesh,AMBEDKAR NAGAR,RITESH PANDEY,BSP,564118,1090152,8.8,Others,Leaning Others
Uttar Pradesh,BAHRAICH,AKSHAIBAR LAL,BJP,525982,989848,13.01,NDA,Leaning NDA
Uttar Pradesh,KAISERGANG,BRIJBHUSAN SHARAN SINGH,BJP,581358,981400,26.66,NDA,Solidly NDA
Uttar Pradesh,SHRAWASTI,RAM SHIROMANI,BSP,441771,997007,0.53,Others,Tossup
Uttar Pradesh,GONDA,KIRTI VARDHAN SINGH ALIAS RAJA BHAIYA,BJP,508190,923816,18.01,NDA,Leaning NDA
Uttar Pradesh,DOMARIAGANJ,JAGDAMBIKA PAL,BJP,492253,985269,10.69,NDA,Leaning NDA
Uttar Pradesh,BASTI,HARISH CHANDRA ALIAS HARISH DWIVEDI,BJP,471162,1054539,2.88,NDA,Leaning NDA
Uttar Pradesh,SANT KABIR NAGAR,PRAVEEN KUMAR NISHAD,BJP,467543,1063390,3.36,NDA,Leaning NDA
Uttar Pradesh,MAHARAJGANJ,PANKAJ CHOUDHARY,BJP,726349,1226916,27.75,NDA,Solidly NDA
Uttar Pradesh,MAHARAJGANJ,PANKAJ CHOUDHARY,BJP,726349,1226916,27.75,NDA,Solidly NDA
Uttar Pradesh,GORAKHPUR,RAVINDRA SHYAMNARAYAN SHUKLA ALIAS RAVI KISHAN,BJP,717122,1184635,25.46,NDA,Solidly NDA
Uttar Pradesh,KUSHI NAGAR,VIJAY KUMAR DUBEY,BJP,597039,1053117,32.05,NDA,Solidly NDA
Uttar Pradesh,DEORIA,RAMAPATI RAM TRIPATHI,BJP,580644,1015363,24.61,NDA,Leaning NDA
Uttar Pradesh,BANSGAON,KAMLESH PASWAN,BJP,546673,969136,15.84,NDA,Leaning NDA
Uttar Pradesh,LALGANJ,SANGEETA AZAD,BSP,518820,960568,16.82,Others,Leaning Others
Uttar Pradesh,AZAMGARH,AKHILESH YADAV,SP,621578,1029112,25.25,I.N.D.I.A.,Solidly I.N.D.I.A.
Uttar Pradesh,GHOSI,ATUL KUMAR SINGH,BSP,573829,1140781,10.74,Others,Leaning Others
Uttar Pradesh,SALEMPUR,RAVINDER,BJP,467940,922518,12.21,NDA,Leaning NDA
Uttar Pradesh,BALLIA,VIRENDRA SINGH,BJP,469114,989732,1.57,NDA,Tossup
Uttar Pradesh,JAUNPUR,SHYAM SINGH YADAV,BSP,521128,1040652,7.78,Others,Leaning Others
Uttar Pradesh,MACHHLISHAHR,BHOLANATH (B.P. SAROJ),BJP,488397,1034925,0.02,NDA,Tossup
Uttar Pradesh,GHAZIPUR,AFZAL ANSARI,BSP,566082,1105627,10.8,Others,Leaning Others
Uttar Pradesh,CHANDAULI,DR. MAHENDRA NATH PANDEY,BJP,510733,1084961,1.29,NDA,Tossup
Uttar Pradesh,VARANASI,NARENDRA MODI,BJP,674664,1060476,45.22,NDA,Solidly NDA
Uttar Pradesh,BHADOHI,RAMESH CHAND,BJP,510029,1039390,4.2,NDA,Leaning NDA
Uttar Pradesh,MIRZAPUR,ANUPRIYA SINGH PATEL,ADAL,591564,1108965,20.92,Others,Leaning Others
Uttar Pradesh,ROBERTSGANJ,PAKAURI LAL KOL,ADAL,447914,988287,5.5,Others,Leaning Others
Uttarakhand,TEHRI GARHWAL,MALA RAJYA LAXMI SHAH,BJP,565333,876069,34.31,NDA,Solidly NDA
Uttarakhand,GARHWAL,TIRATH SINGH RAWAT,BJP,506980,742784,40.75,NDA,Solidly NDA
Uttarakhand,ALMORA,AJAY TAMTA,BJP,444651,694472,33.55,NDA,Solidly NDA
Uttarakhand,NAINI TAL,AJAY BHATT,BJP,772195,1258570,26.94,NDA,Solidly NDA
Uttarakhand,HARDWAR,RAMESH POKHRIYAL 'NISHANK',BJP,665674,1271030,20.36,NDA,Leaning NDA
West Bengal,COOCH BEHAR,NISITH PRAMANIK,BJP,731594,1524683,3.56,NDA,Leaning NDA
West Bengal,ALIPURDUARS,JOHN BARLA,BJP,750804,1380217,17.68,NDA,Leaning NDA
West Bengal,JALPAIGURI,DR. JAYANTA KUMAR ROY,BJP,760145,1500922,12.26,NDA,Leaning NDA
West Bengal,DARJEELING,RAJU BISTA,BJP,750067,1267270,32.62,NDA,Solidly NDA
West Bengal,RAIGANJ,DEBASREE CHAUDHURI,BJP,511652,1277109,4.74,NDA,Leaning NDA
West Bengal,BALURGHAT,SUKANTA MAJUMDAR,BJP,539317,1197849,2.78,NDA,Leaning NDA
West Bengal,MALDAHA UTTAR,KHAGEN MURMU,BJP,509524,1354706,6.22,NDA,Leaning NDA
West Bengal,MALDAHA DAKSHIN,ABU HASEM KHAN CHOWDHURY (DALU),INC,444270,1279202,0.64,I.N.D.I.A.,Tossup
West Bengal,JANGIPUR,KHALILUR RAHAMAN,AITC,562838,1304504,18.84,I.N.D.I.A.,Leaning I.N.D.I.A.
West Bengal,BAHARAMPUR,ADHIR RANJAN CHOWDHURY,INC,591106,1299997,6.21,I.N.D.I.A.,Leaning I.N.D.I.A.
West Bengal,MURSHIDABAD,ABU TAHER KHAN,AITC,604346,1453755,15.57,I.N.D.I.A.,Leaning I.N.D.I.A.
West Bengal,KRISHNANAGAR,MAHUA MOITRA,AITC,614872,1366443,4.63,I.N.D.I.A.,Leaning I.N.D.I.A.
West Bengal,RANAGHAT,JAGANNATH SARKAR,BJP,783253,1484035,15.73,NDA,Leaning NDA
West Bengal,BANGAON,SHANTANU THAKUR,BJP,687622,1407758,7.93,NDA,Leaning NDA
West Bengal,BARRACKPORE,ARJUN SINGH,BJP,472994,1104517,1.35,NDA,Tossup
West Bengal,DUM DUM,SOUGATA RAY,AITC,512062,1204660,4.4,I.N.D.I.A.,Leaning I.N.D.I.A.
West Bengal,BARASAT,DR. KAKOLI GHOSHDASTIDAR,AITC,648444,1395429,7.89,I.N.D.I.A.,Leaning I.N.D.I.A.
West Bengal,BASIRHAT,NUSRAT JAHAN RUHI,AITC,782078,1433339,24.44,I.N.D.I.A.,Leaning I.N.D.I.A.
West Bengal,MATHURAPUR,CHOUDHURY MOHAN JATUA,AITC,726828,1401953,14.55,I.N.D.I.A.,Leaning I.N.D.I.A.
West Bengal,DIAMOND HARBOUR,ABHISHEK BANERJEE,AITC,791127,1409002,22.75,I.N.D.I.A.,Leaning I.N.D.I.A.
West Bengal,JADAVPUR,MIMI CHAKRABORTY,AITC,688472,1436894,20.55,I.N.D.I.A.,Leaning I.N.D.I.A.
West Bengal,KOLKATA DAKSHIN,MALA ROY,AITC,573119,1206645,12.86,I.N.D.I.A.,Leaning I.N.D.I.A.
West Bengal,KOLKATA UTTAR,BANDYOPADHYAY SUDIP,AITC,474891,950613,13.37,I.N.D.I.A.,Leaning I.N.D.I.A.
West Bengal,HOWRAH,PRASUN BANERJEE,AITC,576711,1222293,8.48,I.N.D.I.A.,Leaning I.N.D.I.A.
West Bengal,ULUBERIA,SAJDA AHMED,AITC,694945,1311099,16.43,I.N.D.I.A.,Leaning I.N.D.I.A.
West Bengal,SRERAMPUR,KALYAN BANERJEE,AITC,637707,1401705,7.03,I.N.D.I.A.,Leaning I.N.D.I.A.
West Bengal,HOOGHLY,LOCKET CHATTERJEE,BJP,671448,1457842,5.03,NDA,Leaning NDA
West Bengal,ARAMBAGH,APARUPA PODDAR (AFRIN ALI),AITC,649929,1471981,0.08,I.N.D.I.A.,Tossup
West Bengal,TAMLUK,ADHIKARI DIBYENDU,AITC,724433,1446499,13.15,I.N.D.I.A.,Leaning I.N.D.I.A.
West Bengal,KANTHI,ADHIKARI SISIR,AITC,711872,1424247,7.84,I.N.D.I.A.,Leaning I.N.D.I.A.
West Bengal,GHATAL,ADHIKARI DEEPAK (DEV),AITC,717959,1488818,7.25,I.N.D.I.A.,Leaning I.N.D.I.A.
West Bengal,JHARGRAM,KUNAR HEMBRAM,BJP,626583,1406214,0.84,NDA,Tossup
West Bengal,MEDINIPUR,DILIP GHOSH,BJP,685433,1409815,6.31,NDA,Leaning NDA
West Bengal,PURULIA,JYOTIRMAY SINGH MAHATO,BJP,668107,1355236,15.11,NDA,Leaning NDA
West Bengal,BANKURA,DR. SUBHAS SARKAR,BJP,675319,1371855,12.71,NDA,Leaning NDA
West Bengal,BISHNUPUR,KHAN SAUMITRA,BJP,657019,1420648,5.49,NDA,Leaning NDA
West Bengal,BARDHAMAN PURBA,SUNIL KUMAR MONDAL,AITC,640834,1439286,6.21,I.N.D.I.A.,Leaning I.N.D.I.A.
West Bengal,ASANSOL,BABUL SUPRIYO,BJP,633378,1238135,15.96,NDA,Leaning NDA
West Bengal,BOLPUR,ASIT KUMAR MAL,AITC,699171,1461269,7.28,I.N.D.I.A.,Leaning I.N.D.I.A.
West Bengal,BIRBHUM,SATABDI ROY,AITC,654077,1449423,6.14,I.N.D.I.A.,Leaning I.N.D.I.A.
Bihar,SAMASTIPUR,PRINCE RAJ,LJP,390276,788679,12.94,Others,Leaning Others
Maharashtra,SATARA,SHRINIWAS DADASAHEB PATIL,NCP,641177,1254637,7.13,Others,Leaning Others
Bihar,VALMIKI NAGAR,SUNIL KUMAR,JD(U),404091,1062270,2.02,Others,Leaning Others
Andhra Pradesh,TIRUPATI,MADDILA GURUMOORTHY,YSRCP,626108,1104827,24.58,Others,Leaning Others
Himachal Pradesh,MANDI,PRATIBHA SINGH,INC,369565,752071,1,I.N.D.I.A.,Tossup
Karnataka,BELGAUM,ANGADI MANGAL SURESH,BJP,440327,1022247,0.51,NDA,Tossup
Kerala,MALAPPURAM,ABDUSSAMAD SAMADANI,IUML,538438,1099805,10.43,I.N.D.I.A.,Leaning I.N.D.I.A.
Madhya Pradesh,KHANDWA,GYANESHWAR PATIL,BJP,632455,1268592,6.47,NDA,Leaning NDA
Tamil Nadu,KANNIYAKUMARI,VIJAYAKUMAR (ALIAS) VIJAY VASANTH,INC,576037,1097284,12.57,I.N.D.I.A.,Leaning I.N.D.I.A.